{
  "timestamp": "2025-12-15T02:12:45.895538",
  "python_version": "3.12.3",
  "platform_info": "Linux 6.6.87.2-microsoft-standard-WSL2",
  "cpu_info": "8 cores / 16 threads",
  "ram_gb": 15.6,
  "cython_enabled": true,
  "morphology_load_ms": 3251.4892329927534,
  "normalizer_load_ms": 4307.84456100082,
  "memory_before_mb": 31.2,
  "memory_after_load_mb": 718.8,
  "memory_final_mb": 758.6,
  "module_stats": {
    "tokenizer": {
      "count": 1000,
      "total_ms": 96.24337172135711,
      "mean_ms": 0.09624337172135711,
      "min_ms": 0.04368199734017253,
      "max_ms": 5.540490004932508,
      "std_ms": 0.24688138272732124,
      "p50_ms": 0.06867301999591291,
      "p95_ms": 0.13503601076081395,
      "p99_ms": 0.7606569852214307,
      "throughput": 10390.325921822341
    },
    "sentence_extractor": {
      "count": 100,
      "total_ms": 95.85128200706095,
      "mean_ms": 0.9585128200706095,
      "min_ms": 0.8836179913487285,
      "max_ms": 1.3659059768542647,
      "std_ms": 0.056036685961169036,
      "p50_ms": 0.9465159964747727,
      "p95_ms": 1.0305199830327183,
      "p99_ms": 1.3659059768542647,
      "throughput": 1043.2828638915173
    },
    "analyze_word": {
      "count": 372,
      "total_ms": 115.34484807634726,
      "mean_ms": 0.3100667959041593,
      "min_ms": 0.00010497751645743847,
      "max_ms": 4.931458999635652,
      "std_ms": 0.8030476573249828,
      "p50_ms": 0.0002100132405757904,
      "p95_ms": 2.159535011742264,
      "p99_ms": 4.43657100549899,
      "throughput": 3225.111534706531
    },
    "analyze_sentence": {
      "count": 5000,
      "total_ms": 9344.011066888925,
      "mean_ms": 1.8688022133777848,
      "min_ms": 0.8231349929701537,
      "max_ms": 12.083662993973121,
      "std_ms": 0.5654014981731147,
      "p50_ms": 1.8289790023118258,
      "p95_ms": 2.9443429957609624,
      "p99_ms": 3.2189310004469007,
      "throughput": 535.1021059593783
    },
    "disambiguate": {
      "count": 5000,
      "total_ms": 11867.720483627636,
      "mean_ms": 2.373544096725527,
      "min_ms": 0.2814440231304616,
      "max_ms": 61.51413402403705,
      "std_ms": 2.161411723754857,
      "p50_ms": 1.6778080025687814,
      "p95_ms": 7.03305599745363,
      "p99_ms": 7.549781003035605,
      "throughput": 421.31090017647915
    },
    "normalizer": {
      "count": 500,
      "total_ms": 1055.3540312102996,
      "mean_ms": 2.110708062420599,
      "min_ms": 0.7209950126707554,
      "max_ms": 93.27607601881027,
      "std_ms": 4.580705310383405,
      "p50_ms": 1.4807829866185784,
      "p95_ms": 3.920895018381998,
      "p99_ms": 14.80593701126054,
      "throughput": 473.7746625429485
    }
  },
  "cache_stats": {
    "cache_manager": {
      "l0_hits": 3169200,
      "l2_hits": 2632950,
      "misses": 5850,
      "computes": 5850,
      "total_calls": 5808000,
      "hit_rate": "99.9%",
      "l0_hit_rate": "54.6%",
      "l2_hit_rate": "45.3%",
      "l0_size": 132762,
      "l2_size": 5850
    },
    "L1_hash_for_str": {
      "name": "L1_hash_for_str",
      "hits": 0,
      "misses": 3900,
      "total": 3900,
      "hit_rate": 0.0,
      "size": 3900
    },
    "L1_java_hash_code": {
      "name": "L1_java_hash_code",
      "hits": 0,
      "misses": 1950,
      "total": 1950,
      "hit_rate": 0.0,
      "size": 1950
    }
  },
  "variant_stats": {
    "clean": {
      "count": 5000,
      "total_ms": 11729.558290098794,
      "mean_ms": 2.3459116580197588,
      "min_ms": 0.28616900090128183,
      "max_ms": 8.28123398241587,
      "std_ms": 1.9805541544500247,
      "p50_ms": 1.6666570154484361,
      "p95_ms": 6.989483983488753,
      "p99_ms": 7.482126995455474,
      "throughput": 426.27351144336114
    },
    "devrik": {
      "count": 1500,
      "total_ms": 3328.8886078225914,
      "mean_ms": 2.2192590718817278,
      "min_ms": 0.5307999963406473,
      "max_ms": 9.01446701027453,
      "std_ms": 1.1575917656694186,
      "p50_ms": 2.289789990754798,
      "p95_ms": 4.703583981608972,
      "p99_ms": 4.925248009385541,
      "throughput": 450.60083911343077
    },
    "slang": {
      "count": 1500,
      "total_ms": 2246.496452629799,
      "mean_ms": 1.4976643017531994,
      "min_ms": 0.3545669896993786,
      "max_ms": 3.971133002778515,
      "std_ms": 0.8098670985278662,
      "p50_ms": 1.4906320138834417,
      "p95_ms": 2.6333139976486564,
      "p99_ms": 3.0141370079945773,
      "throughput": 667.7063737376778
    },
    "vowel_drop": {
      "count": 1000,
      "total_ms": 1372.074720391538,
      "mean_ms": 1.372074720391538,
      "min_ms": 0.536158011527732,
      "max_ms": 4.282540001440793,
      "std_ms": 0.5465535990144769,
      "p50_ms": 1.2819469848182052,
      "p95_ms": 2.5344839959871024,
      "p99_ms": 2.8059800097253174,
      "throughput": 728.8232813695729
    },
    "typo": {
      "count": 500,
      "total_ms": 376.5582841297146,
      "mean_ms": 0.7531165682594292,
      "min_ms": 0.26603101287037134,
      "max_ms": 2.5262949930038303,
      "std_ms": 0.6424689815584156,
      "p50_ms": 0.45675798901356757,
      "p95_ms": 2.0401290094014257,
      "p99_ms": 2.200188988354057,
      "throughput": 1327.8156956646926
    },
    "mixed": {
      "count": 500,
      "total_ms": 2504.40076115774,
      "mean_ms": 5.00880152231548,
      "min_ms": 1.5980750031303614,
      "max_ms": 9.296165022533387,
      "std_ms": 2.065395455109191,
      "p50_ms": 5.7143589947372675,
      "p95_ms": 7.845231011742726,
      "p99_ms": 8.17942401045002,
      "throughput": 199.6485577527372
    }
  },
  "cython_comparison": {
    "hash_for_str": {
      "numpy_ms": 27.09533998859115,
      "cython_ms": 0.38113901973702013,
      "speedup": 71.09043835838824
    },
    "java_hash_code": {
      "numpy_ms": 53.72383800568059,
      "cython_ms": 0.31077201128937304,
      "speedup": 172.8721894316797
    }
  },
  "total_sentences": 10000,
  "total_time_sec": 21.557977116230177,
  "overall_throughput": 463.8654149266808
}