{
  "timestamp": "2025-12-15T03:29:27.245536",
  "python_version": "3.12.3",
  "platform_info": "Linux 6.6.87.2-microsoft-standard-WSL2",
  "cpu_info": "8 cores / 16 threads",
  "ram_gb": 15.6,
  "cython_enabled": true,
  "morphology_load_ms": 2568.836515012663,
  "normalizer_load_ms": 4453.551826998591,
  "memory_before_mb": 31.1,
  "memory_after_load_mb": 716.1,
  "memory_final_mb": 755.9,
  "module_stats": {
    "tokenizer": {
      "count": 1000,
      "total_ms": 95.9871360391844,
      "mean_ms": 0.0959871360391844,
      "min_ms": 0.04317800630815327,
      "max_ms": 6.1663209926337,
      "std_ms": 0.2624943718430996,
      "p50_ms": 0.06797100650146604,
      "p95_ms": 0.13562600361183286,
      "p99_ms": 0.8067190065048635,
      "throughput": 10418.062682813814
    },
    "sentence_extractor": {
      "count": 100,
      "total_ms": 95.68039598525502,
      "mean_ms": 0.9568039598525502,
      "min_ms": 0.8764759986661375,
      "max_ms": 1.272953988518566,
      "std_ms": 0.061986990051442065,
      "p50_ms": 0.9416099928785115,
      "p95_ms": 1.0948849958367646,
      "p99_ms": 1.272953988518566,
      "throughput": 1045.146176186506
    },
    "analyze_word": {
      "count": 372,
      "total_ms": 64.50861270423047,
      "mean_ms": 0.17341024920492062,
      "min_ms": 0.00010497751645743847,
      "max_ms": 2.217400004155934,
      "std_ms": 0.3984352046481559,
      "p50_ms": 0.0002100132405757904,
      "p95_ms": 1.0967759881168604,
      "p99_ms": 1.9456220034044236,
      "throughput": 5766.671835055667
    },
    "analyze_sentence": {
      "count": 5000,
      "total_ms": 7522.517263452755,
      "mean_ms": 1.504503452690551,
      "min_ms": 0.6427280022762716,
      "max_ms": 4.171216976828873,
      "std_ms": 0.4177505694510704,
      "p50_ms": 1.4886999852024019,
      "p95_ms": 2.3554450017400086,
      "p99_ms": 2.5594719918444753,
      "throughput": 664.6711233607796
    },
    "disambiguate": {
      "count": 5000,
      "total_ms": 11675.330636760918,
      "mean_ms": 2.3350661273521838,
      "min_ms": 0.2842219837475568,
      "max_ms": 56.448327988618985,
      "std_ms": 2.1129476514985766,
      "p50_ms": 1.6384110203944147,
      "p95_ms": 6.926189002115279,
      "p99_ms": 7.376741006737575,
      "throughput": 428.25339646116845
    },
    "normalizer": {
      "count": 500,
      "total_ms": 886.5427166456357,
      "mean_ms": 1.7730854332912713,
      "min_ms": 0.6602770008612424,
      "max_ms": 85.44215498841368,
      "std_ms": 3.9577685623174466,
      "p50_ms": 1.3156159839127213,
      "p95_ms": 3.5884460085071623,
      "p99_ms": 7.865749998018146,
      "throughput": 563.9886162415538
    }
  },
  "cache_stats": {
    "cache_manager": {
      "l0_hits": 3169200,
      "l2_hits": 2632950,
      "misses": 5850,
      "computes": 5850,
      "total_calls": 5808000,
      "hit_rate": "99.9%",
      "l0_hit_rate": "54.6%",
      "l2_hit_rate": "45.3%",
      "l0_size": 132762,
      "l2_size": 5850
    },
    "L1_hash_for_str": {
      "name": "L1_hash_for_str",
      "hits": 0,
      "misses": 3900,
      "total": 3900,
      "hit_rate": 0.0,
      "size": 3900
    },
    "L1_java_hash_code": {
      "name": "L1_java_hash_code",
      "hits": 0,
      "misses": 1950,
      "total": 1950,
      "hit_rate": 0.0,
      "size": 1950
    }
  },
  "variant_stats": {
    "clean": {
      "count": 5000,
      "total_ms": 11636.804439302068,
      "mean_ms": 2.3273608878604137,
      "min_ms": 0.27970399241894484,
      "max_ms": 10.899187996983528,
      "std_ms": 1.9684143411381454,
      "p50_ms": 1.648369972826913,
      "p95_ms": 6.936449994100258,
      "p99_ms": 7.360799994785339,
      "throughput": 429.67122340846703
    },
    "devrik": {
      "count": 1500,
      "total_ms": 3219.9647199886385,
      "mean_ms": 2.1466431466590925,
      "min_ms": 0.5065090081188828,
      "max_ms": 6.212610023794696,
      "std_ms": 1.105784566921614,
      "p50_ms": 2.236872009234503,
      "p95_ms": 4.571286001009867,
      "p99_ms": 4.797136003617197,
      "throughput": 465.8436133440905
    },
    "slang": {
      "count": 1500,
      "total_ms": 2140.624444000423,
      "mean_ms": 1.4270829626669486,
      "min_ms": 0.341854989528656,
      "max_ms": 3.553752991138026,
      "std_ms": 0.7677387105745402,
      "p50_ms": 1.4592579973395914,
      "p95_ms": 2.5152740126941353,
      "p99_ms": 2.7493410161696374,
      "throughput": 700.7301090128557
    },
    "vowel_drop": {
      "count": 1000,
      "total_ms": 1315.3025146748405,
      "mean_ms": 1.3153025146748405,
      "min_ms": 0.5195059929974377,
      "max_ms": 3.1008610094431788,
      "std_ms": 0.5174510032672703,
      "p50_ms": 1.2409329938236624,
      "p95_ms": 2.4656870227772743,
      "p99_ms": 2.575785998487845,
      "throughput": 760.281371656324
    },
    "typo": {
      "count": 500,
      "total_ms": 371.1421007174067,
      "mean_ms": 0.7422842014348134,
      "min_ms": 0.26558400713838637,
      "max_ms": 2.8588099812623113,
      "std_ms": 0.6377834479577629,
      "p50_ms": 0.45069499174132943,
      "p95_ms": 2.019195002503693,
      "p99_ms": 2.102925005601719,
      "throughput": 1347.1928919772636
    },
    "mixed": {
      "count": 500,
      "total_ms": 2441.716911707772,
      "mean_ms": 4.883433823415544,
      "min_ms": 1.5472789818886667,
      "max_ms": 9.264027990866452,
      "std_ms": 2.0250663768609667,
      "p50_ms": 5.5944930063560605,
      "p95_ms": 7.683761010412127,
      "p99_ms": 8.050632022786885,
      "throughput": 204.7739431227893
    }
  },
  "cython_comparison": {
    "hash_for_str": {
      "numpy_ms": 28.02986098686233,
      "cython_ms": 0.3272700123488903,
      "speedup": 85.64750795737663
    },
    "java_hash_code": {
      "numpy_ms": 55.41852401802316,
      "cython_ms": 0.29060299857519567,
      "speedup": 190.70183132911896
    }
  },
  "total_sentences": 10000,
  "total_time_sec": 21.12555513039115,
  "overall_throughput": 473.36034193080377
}